{"cameraMode":{"drawMode":0,"name":"Shaded","section":"Shading Mode"},"sceneLighting":true,"audioPlay":false,"sceneViewState":{"showFog":true,"showMaterialUpdate":true,"showSkybox":true,"showFlares":true,"showImageEffects":true,"showParticleSystems":true},"in2DMode":false,"pivot":{"x":0.9288721680641174,"y":2.0197086334228517,"z":-2.536979913711548},"rotation":{"x":-0.31952959299087527,"y":0.20308297872543336,"z":-0.07030565291643143,"w":-0.9228842258453369},"size":2.1225645542144777,"orthographic":false}