{"cameraMode":{"drawMode":0,"name":"Shaded","section":"Shading Mode"},"sceneLighting":true,"audioPlay":false,"sceneViewState":{"showFog":true,"showMaterialUpdate":false,"showSkybox":true,"showFlares":true,"showImageEffects":true,"showParticleSystems":true},"in2DMode":false,"pivot":{"x":4.579120635986328,"y":0.13079595565795899,"z":7.365690231323242},"rotation":{"x":0.29368776082992556,"y":-0.5211795568466187,"z":0.19706740975379945,"w":0.7767135500907898},"size":57.9062385559082,"orthographic":false}