{"cameraMode":{"drawMode":0,"name":"Shaded","section":"Shading Mode"},"sceneLighting":false,"audioPlay":false,"sceneViewState":{"showFog":true,"showMaterialUpdate":false,"showSkybox":true,"showFlares":true,"showImageEffects":true,"showParticleSystems":true},"in2DMode":false,"pivot":{"x":-1.4500694274902344,"y":4.8002424240112309,"z":1.8383121490478516},"rotation":{"x":-0.3145420551300049,"y":0.5085902810096741,"z":-0.20657245814800263,"w":-0.7744204998016357},"size":2.8578836917877199,"orthographic":false}